N,InsertTime,FindTime,DeleteTime,KthRangeTime
1000,0.00100,0.00000,0.00033,0.00133
10000,0.00167,0.00000,0.00100,0.00333
100000,0.02967,0.00067,0.01633,0.08300
